{
    "S":[
        0.6579210204608723,
        0.6045318444242945,
        0.5593666633413882,
        0.5282868109744315,
        0.3625947930055006,
        0.060050365342196606,
        0.008477905169241825,
        0.0075614439800277865,
        0.006533456549094296,
        1.3313313447085317e-16,
        8.232711980516203e-17,
        7.767702034698635e-17,
        6.337518473095096e-17,
        5.1100778384939833e-17,
        2.7007918676131055e-17,
        1.7006635798428907e-17,
        1.145203426739367e-17,
        2.1444620738972607e-18,
        2.7632411315040334e-19,
        5.7992219604424955e-21,
        3.7847110559441016e-34
    ],
    "U":[
        [
            -0.21376819626883747,
            0.03937194808956346,
            -0.04428792941343174,
            0.044262941106134046,
            -0.07479446958336172,
            -0.9710317456436854,
            0.004437593103221334,
            -0.007552164404552985,
            -0.016086894438744486,
            1.3171242823426488e-16,
            1.3289930429917215e-16,
            2.249348346303906e-16,
            1.1182019883091958e-16,
            1.2927821213538706e-16,
            -8.90086257532217e-17,
            6.86350998247834e-17,
            5.251703803307315e-18,
            -9.436510045609064e-17,
            -6.2309535942820806e-18,
            -2.8143229236791604e-18,
            -2.9086497592776064e-32
        ],
        [
            -0.1734070787564876,
            0.09614444092467819,
            0.5650631034788263,
            -0.3758204441929883,
            -0.010400125678004012,
            -4.416070085593721e-05,
            -0.0059631968663006445,
            -0.0022547715697591405,
            0.00032565917921153673,
            -0.12496285563141096,
            -0.3953680041726764,
            -0.20216962389078205,
            0.015658657751574358,
            -0.08230128624465477,
            0.20463507073554624,
            0.17497320215017909,
            -0.4556565785150339,
            0.005337981882219145,
            -0.003109204230023921,
            0.004996147869671328,
            1.775896910640915e-16
        ],
        [
            -0.02085277490597767,
            -0.012240198737301929,
            -0.3941268586202469,
            -0.5848285369330782,
            -0.044958000749268597,
            -0.0010963488286570289,
            0.0006184268835733558,
            -0.005573927961323795,
            0.0010325113023128415,
            -0.6623038890589109,
            -0.03573800676124404,
            0.08183826595868414,
            -0.009560772103918704,
            0.060119692961351986,
            -0.17671609307060293,
            0.0420929657137175,
            0.10294126509855275,
            0.07687462819210102,
            0.00524929305813468,
            0.011768724653582396,
            3.0776148584516696e-16
        ],
        [
            0.17340707875648756,
            -0.0961444409246782,
            -0.5650631034788262,
            0.3758204441929878,
            0.010400125678004272,
            4.4160700855951085e-05,
            0.005963196866300738,
            0.0022547715697590997,
            -0.00032565917921080186,
            -0.12496285563141067,
            -0.3953680041726764,
            -0.20216962389078202,
            0.015658657751574177,
            -0.08230128624465467,
            0.20463507073554638,
            0.17497320215017892,
            -0.45565657851503405,
            0.005337981882219046,
            -0.0031092042300239226,
            0.004996147869671322,
            1.77589691064091e-16
        ],
        [
            0.0208527749059777,
            0.012240198737301589,
            0.3941268586202465,
            0.5848285369330781,
            0.04495800074926902,
            0.0010963488286568144,
            -0.0006184268835732919,
            0.005573927961323475,
            -0.0010325113023123946,
            -0.662303889058911,
            -0.03573800676124433,
            0.08183826595868415,
            -0.00956077210391864,
            0.06011969296135188,
            -0.17671609307060285,
            0.0420929657137176,
            0.10294126509855253,
            0.07687462819210095,
            0.005249293058134679,
            0.011768724653582408,
            3.077614858451667e-16
        ],
        [
            -0.27894663152716814,
            0.032946286874517595,
            -0.04785575831870116,
            0.07853380737464065,
            -0.4845336401939334,
            0.10580014435439722,
            0.0018871038087680363,
            0.002827033771274942,
            0.0009205777652624043,
            -0.07837704110310334,
            0.07296055775090687,
            -0.0981099641018489,
            -0.25423647497866486,
            0.1354086049554468,
            0.28359832400919793,
            -0.544162200767176,
            -0.10835129803005747,
            0.4125614326840382,
            0.05855413292762939,
            0.026214240691441376,
            7.335708696688079e-16
        ],
        [
            -0.11298631189294232,
            -0.48459855107983346,
            0.038914155673647643,
            -0.014072714398964672,
            0.026152505564167934,
            0.0007965559340389079,
            0.0008540686382824826,
            0.0007658344704985064,
            -0.00028430528339976464,
            -0.08386729992413886,
            -0.11972686784026369,
            0.034254966830625594,
            -0.31482705953637474,
            0.25690081074152193,
            0.5435150584182745,
            0.14628091486185493,
            0.3504613644536717,
            -0.34494336868643105,
            -0.04024832305792321,
            -0.04591838986034442,
            -1.388169235901806e-15
        ],
        [
            0.27894663152716814,
            -0.03294628687451779,
            0.047855758318700974,
            -0.07853380737464072,
            0.4845336401939334,
            -0.10580014435439716,
            -0.001887103808766419,
            -0.002827033771278701,
            -0.0009205777652674259,
            -0.09467986793144878,
            -0.06734949947780547,
            0.3169863642475258,
            0.342525279360307,
            0.018886393419467965,
            0.3952177682152246,
            -0.5097632992360503,
            -0.0650542225400243,
            0.1168547639372543,
            0.03202854725925935,
            -0.00609877802675679,
            -9.164746775583103e-17
        ],
        [
            0.11298631189294238,
            0.4845985510798328,
            -0.038914155673647526,
            0.014072714398964539,
            -0.026152505564167542,
            -0.0007965559340390657,
            -0.0008540686382826892,
            -0.00076583447049815,
            0.0002843052834015877,
            0.09853946239508449,
            -0.3569700790339129,
            0.5583914006278434,
            -0.48115702352677664,
            -0.13645909916507967,
            0.09116976953294323,
            0.12403104336540492,
            0.13285595103480266,
            0.09660456086114291,
            0.009295528158242198,
            0.01276852978673511,
            2.759684575611707e-16
        ],
        [
            -0.4504778345585264,
            0.11113714834041513,
            -0.10922192766999396,
            0.06355590886446613,
            0.3071795474726585,
            0.08787579852691751,
            -0.00035822724136875097,
            0.0009397524116636,
            0.000602755684124239,
            -0.08920485357420736,
            0.5484386163979069,
            0.28697641378483535,
            -0.09430502818250976,
            0.015951075552596783,
            0.20670570374537553,
            0.2700886091392511,
            -0.3881998289441032,
            0.0031184697934333195,
            -0.002259715976794876,
            0.005644863009880439,
            1.7278266365377823e-16
        ],
